question_id,task_type,prompt,expected_answer,scorer,protected_tokens,output_instruction
fact_001,factual,"Which planet is known as the Red Planet? Return only A, B, C, or D. A) Venus B) Mars C) Jupiter D) Mercury",B,mcq,"A|B|C|D","Return only A, B, C, or D."
fact_002,factual,"What is the chemical symbol for gold? Return only A, B, C, or D. A) Ag B) Au C) Gd D) Go",B,mcq,"Ag|Au|Gd|Go|A|B|C|D","Return only A, B, C, or D."
fact_003,factual,"Which organ pumps blood through the human body? Return only A, B, C, or D. A) Liver B) Lung C) Heart D) Kidney",C,mcq,"A|B|C|D","Return only A, B, C, or D."
fact_004,factual,"Water freezes at what temperature on the Celsius scale? Return only A, B, C, or D. A) 0 B) 32 C) 50 D) 100",A,mcq,"0|32|50|100|A|B|C|D","Return only A, B, C, or D."
fact_005,factual,"Which continent contains Egypt? Return only A, B, C, or D. A) Africa B) Europe C) South America D) Australia",A,mcq,"A|B|C|D","Return only A, B, C, or D."
fact_006,factual,"Which gas do plants primarily absorb for photosynthesis? Return only A, B, C, or D. A) Oxygen B) Nitrogen C) Carbon dioxide D) Helium",C,mcq,"A|B|C|D","Return only A, B, C, or D."
fact_007,factual,"Which is the largest ocean on Earth? Return only A, B, C, or D. A) Atlantic B) Indian C) Arctic D) Pacific",D,mcq,"A|B|C|D","Return only A, B, C, or D."
fact_008,factual,"Which instrument is used to measure temperature? Return only A, B, C, or D. A) Barometer B) Thermometer C) Speedometer D) Ammeter",B,mcq,"A|B|C|D","Return only A, B, C, or D."
fact_009,factual,"How many sides does a hexagon have? Return only A, B, C, or D. A) 5 B) 6 C) 7 D) 8",B,mcq,"5|6|7|8|A|B|C|D","Return only A, B, C, or D."
fact_010,factual,"Which language is primarily used to style web pages? Return only A, B, C, or D. A) HTML B) SQL C) CSS D) Python",C,mcq,"HTML|SQL|CSS|Python|A|B|C|D","Return only A, B, C, or D."
math_001,math,"A $120 item receives a 15% discount. What is the final price in dollars? Return only the number.",102,numeric,"120|15","Return only the number."
math_002,math,"Solve 3x + 7 = 22. Return only x.",5,numeric,"3|7|22","Return only the number."
math_003,math,"A train travels 180 km in 3 hours at a constant speed. What is its speed in km/h? Return only the number.",60,numeric,"180|3","Return only the number."
math_004,math,"What is 17 multiplied by 6? Return only the number.",102,numeric,"17|6","Return only the number."
math_005,math,"A class has 24 students. Three quarters are present. How many are present? Return only the number.",18,numeric,"24|3","Return only the number."
math_006,math,"What is the mean of 4, 8, 10, and 14? Return only the number.",9,numeric,"4|8|10|14","Return only the number."
math_007,math,"A rectangle has length 12 cm and width 5 cm. What is its area in square centimetres? Return only the number.",60,numeric,"12|5","Return only the number."
math_008,math,"If 5 notebooks cost $20 equally, how much does one notebook cost? Return only the number.",4,numeric,"5|20","Return only the number."
math_009,math,"What is 25% of 360? Return only the number.",90,numeric,"25|360","Return only the number."
math_010,math,"A number increases from 80 to 100. What is the percentage increase? Return only the number without the percent sign.",25,numeric,"80|100","Return only the number."
reason_001,reasoning,"All tulips are flowers. No flowers are machines. Can any tulip be a machine? Return only YES or NO.",NO,exact,,"Return only YES or NO."
reason_002,reasoning,"If all Zorps are Mips and all Mips are Naps, must every Zorp be a Nap? Return only YES or NO.",YES,exact,,"Return only YES or NO."
reason_003,reasoning,"Alice is older than Ben. Ben is older than Cara. Who is youngest? Return only the name.",Cara,exact,"Alice|Ben|Cara","Return only the name."
reason_004,reasoning,"A box contains only red and blue balls. If a ball is not red, must it be blue? Return only YES or NO.",YES,exact,,"Return only YES or NO."
reason_005,reasoning,"Tom is to the left of Mei. Mei is to the left of Raj. Who is farthest right? Return only the name.",Raj,exact,"Tom|Mei|Raj","Return only the name."
reason_006,reasoning,"Every programmer on a team knows Python. Lina is a programmer on the team. Does Lina know Python? Return only YES or NO.",YES,exact,"Python|Lina","Return only YES or NO."
reason_007,reasoning,"A sequence is 2, 4, 8, 16. What comes next if the same pattern continues? Return only the number.",32,numeric,"2|4|8|16","Return only the number."
reason_008,reasoning,"If today is Monday, what day is it 3 days later? Return only the weekday.",Thursday,exact,"Monday|3","Return only the weekday."
reason_009,reasoning,"Nora finished before Kai, and Kai finished before Luis. Who finished second? Return only the name.",Kai,exact,"Nora|Kai|Luis","Return only the name."
reason_010,reasoning,"There are three switches. Exactly one is ON. Switch A is OFF and switch C is OFF. Which switch is ON? Return only A, B, or C.",B,mcq,"A|B|C","Return only A, B, or C."
code_001,coding,"In Python, return only the expression that accesses the last element of a list named items using a negative index.",items[-1],exact,"items","Return only the Python expression."
code_002,coding,"In Python, return only the boolean literal representing false.",False,exact,"Python","Return only the Python literal."
code_003,coding,"What does Python expression len([10, 20, 30]) evaluate to? Return only the number.",3,numeric,"len|10|20|30","Return only the number."
code_004,coding,"What does Python expression 7 // 2 evaluate to? Return only the number.",3,numeric,"7|2","Return only the number."
code_005,coding,"What does Python expression 2 ** 5 evaluate to? Return only the number.",32,numeric,"2|5","Return only the number."
code_006,coding,"In Python, which keyword starts a function definition? Return only the keyword.",def,exact,"Python","Return only the keyword."
code_007,coding,"In SQL, which keyword is used to retrieve rows from a table? Return only the keyword.",SELECT,exact,"SQL","Return only the keyword."
code_008,coding,"What does Python expression [1, 2, 3][0] evaluate to? Return only the number.",1,numeric,"1|2|3|0","Return only the number."
code_009,coding,"In Python, return only the operator used for equality comparison.",==,exact,"Python","Return only the operator."
code_010,coding,"What does Python expression 'abc'.upper() return? Return only the resulting text.",ABC,exact,"abc|Python","Return only the text."
extract_001,extraction,"From this sentence, return only the city: 'Mina arrived in Kyoto on Tuesday.'",Kyoto,exact,"Mina|Kyoto|Tuesday","Return only the city."
extract_002,extraction,"From this sentence, return only the date: 'The meeting is scheduled for 14 June 2027.'","14 June 2027",exact,"14|June|2027","Return only the date."
extract_003,extraction,"From this sentence, return only the person's name: 'Daniel submitted the report before noon.'",Daniel,exact,"Daniel","Return only the name."
extract_004,extraction,"From this sentence, return only the colour: 'The small bicycle beside the gate is green.'",green,exact,,"Return only the colour."
extract_005,extraction,"From this sentence, return only the email domain: 'Contact help@example.org for assistance.'",example.org,exact,"help@example.org","Return only the domain."
extract_006,extraction,"Sort these three words alphabetically and return them separated by commas with no spaces: pear, apple, mango","apple,mango,pear",exact,"pear|apple|mango","Return exactly comma-separated words with no spaces."
extract_007,extraction,"Return only the largest number from this list: 17, 4, 29, 11",29,numeric,"17|4|29|11","Return only the number."
extract_008,extraction,"From this sentence, return only the product: 'Sam bought a wireless keyboard for the office.'","wireless keyboard",exact,"Sam","Return only the product."
extract_009,extraction,"Return only the second item in this ordered list: red, blue, yellow, black",blue,exact,"red|blue|yellow|black","Return only the item."
extract_010,extraction,"From this sentence, return only the country: 'The conference will take place in Osaka, Japan.'",Japan,exact,"Osaka|Japan","Return only the country."
