paper,year,venue,research_question,noise_type,relationship_to_our_project,url
"PromptRobust",2023,preprint,"How robust are LLMs to adversarial prompt perturbations?","character;word;sentence;semantic","Foundational prompt robustness baseline",https://arxiv.org/abs/2306.04528
"Reasoning Robustness to Adversarial Typographical Errors",2024,EMNLP,"How do adversarial typos affect reasoning?","adversarial character typos","Shows typo-induced reasoning degradation; our study targets natural human noise",https://aclanthology.org/2024.emnlp-main.584/
"Tokenization Falling Short",2024,EMNLP Findings,"How does tokenization relate to typo robustness?","typographical variation","Motivates input-token and tokenization-efficiency analysis",https://aclanthology.org/2024.findings-emnlp.86/
"POSIX",2024,EMNLP Findings,"How sensitive are models to intent-preserving prompt variations?","prompt variation","Motivates within-model sensitivity metrics",https://aclanthology.org/2024.findings-emnlp.852/
"MulTypo",2026,ACL,"How robust are LLMs to keyboard-aware multilingual typos?","keyboard-layout synthetic typos","Primary synthetic typo baseline for human-vs-synthetic comparison",https://aclanthology.org/2026.acl-long.729/
"Singlish Message Paraphrasing",2022,COLING,"Can Singlish be normalized to Standard English?","Singlish normalization","Basis for Singlish paired/normalization study",https://aclanthology.org/2022.coling-1.345/
"Colloquial Singaporean English Style Transfer",2025,ACL,"How can Singlish features be controlled/generated?","Singlish syntax;lexicon;pragmatics;code-switching","Provides feature taxonomy for Singlish annotation",https://aclanthology.org/2025.acl-long.1309/
"Singlish Discourse Particle Study",2025,PACLIC,"How well do models understand Singlish discourse particles?","Singlish particles","Motivates pragmatic-particle subcondition",https://aclanthology.org/2025.paclic-1.2/
"Lost in Translation: Dyslexic-Style Text",2025,ACL Findings,"How robust are commercial MT systems to dyslexia-associated writing?","letter confusion;homophone;real-word confusion","Closest accessibility predecessor; we extend beyond translation and add efficiency metrics",https://aclanthology.org/2025.findings-acl.708/
"DysList",2014,LREC,"How can dyslexic writing be annotated as a corpus?","authentic dyslexic writing","Corpus/annotation reference",https://aclanthology.org/L14-1492/
